HMSL10001	
HMSL10002	
HMSL10003	
HMSL10004	
HMSL10005	D09683|D10190
HMSL10006	
HMSL10007	
HMSL10008	D06272|D08524
HMSL10009	
HMSL10010	
HMSL10011	D02880|D09868
HMSL10012	
HMSL10013	
HMSL10014	
HMSL10015	
HMSL10016	
HMSL10017	
HMSL10018	D08950
HMSL10019	
HMSL10020	D03658|D06414
HMSL10021	D08279|D08344
HMSL10022	
HMSL10023	D01441|D08066
HMSL10024	
HMSL10025	
HMSL10026	
HMSL10027	D09731
HMSL10028	
HMSL10029	
HMSL10030	
HMSL10031	
HMSL10032	D09664|D09665
HMSL10033	
HMSL10034	
HMSL10035	
HMSL10036	
HMSL10037	
HMSL10038	
HMSL10039	
HMSL10040	
HMSL10041	
HMSL10042	D06678|D08947
HMSL10043	
HMSL10044	
HMSL10045	
HMSL10046	
HMSL10047	
HMSL10048	
HMSL10049	
HMSL10050	
HMSL10051	D04024|D08108
HMSL10052	D00753
HMSL10053	
HMSL10054	
HMSL10055	
HMSL10056	D09666|D10024
HMSL10057	
HMSL10058	
HMSL10059	
HMSL10060	
HMSL10061	
HMSL10062	
HMSL10063	
HMSL10064	
HMSL10065	
HMSL10066	
HMSL10067	
HMSL10068	
HMSL10069	D04014
HMSL10070	
HMSL10071	
HMSL10072	
HMSL10073	
HMSL10074	
HMSL10075	
HMSL10076	
HMSL10077	
HMSL10078	
HMSL10079	
HMSL10080	
HMSL10081	
HMSL10082	
HMSL10083	
HMSL10084	
HMSL10085	
HMSL10086	
HMSL10087	
HMSL10088	
HMSL10089	
HMSL10090	
HMSL10091	
HMSL10092	
HMSL10093	
HMSL10094	
HMSL10095	
HMSL10096	
HMSL10097	D04023|D07907
HMSL10098	D01977
HMSL10099	D06413|D08953
HMSL10100	
HMSL10101	
HMSL10102	D00491|D05333
HMSL10103	C02079
HMSL10104	
HMSL10105	
HMSL10106	
HMSL10107	
HMSL10108	C11222
HMSL10109	
HMSL10110	
HMSL10111	
HMSL10112	
HMSL10113	
HMSL10114	D05380
HMSL10115	
HMSL10116	
HMSL10117	
HMSL10118	D09864|D09865
HMSL10119	
HMSL10120	D03350
HMSL10121	
HMSL10122	
HMSL10123	
HMSL10124	
HMSL10125	
HMSL10126	
HMSL10127	D08907
HMSL10128	
HMSL10129	
HMSL10130	D10229
HMSL10131	D10173
HMSL10132	
HMSL10133	D09724|D09733
HMSL10134	
HMSL10136	
HMSL10137	
HMSL10138	D09959|D09960
HMSL10139	
HMSL10140	
HMSL10141	
HMSL10142	
HMSL10143	
HMSL10144	D09730
HMSL10145	D09692
HMSL10146	
HMSL10147	
HMSL10148	
HMSL10149	
HMSL10150	D09950|D09951
HMSL10151	
HMSL10152	
HMSL10153	
HMSL10154	
HMSL10155	
HMSL10156	
HMSL10157	D09618
HMSL10158	
HMSL10159	D05399
HMSL10160	
HMSL10161	
HMSL10162	
HMSL10163	
HMSL10164	
HMSL10165	
HMSL10166	
HMSL10167	
HMSL10168	
HMSL10169	D03736
HMSL10170	
HMSL10171	
HMSL10172	
HMSL10173	
HMSL10174	
HMSL10175	D06402|D08552
HMSL10176	
HMSL10177	D08878|D09589
HMSL10178	
HMSL10179	
HMSL10180	
HMSL10181	
HMSL10182	D09635
HMSL10183	
HMSL10184	
HMSL10185	
HMSL10186	
HMSL10187	
HMSL10188	
HMSL10189	D03252|D09728
HMSL10190	
HMSL10191	
HMSL10192	
HMSL10193	
HMSL10194	D10062|D10095
HMSL10195	
HMSL10196	
HMSL10197	
HMSL10198	D06407
HMSL10199	
HMSL10200	
HMSL10201	
HMSL10203	
HMSL10204	
HMSL10205	
HMSL10206	
HMSL10207	
HMSL10208	
HMSL10209	
HMSL10210	
HMSL10211	
HMSL10212	
HMSL10213	
HMSL10214	
HMSL10215	
HMSL10216	
HMSL10217	
HMSL10218	
HMSL10219	
HMSL10220	
HMSL10221	
HMSL10222	D09883
HMSL10223	
HMSL10224	
HMSL10225	D10137|D10138
HMSL10226	D09783|D09970
HMSL10227	
HMSL10228	
HMSL10229	
HMSL10230	D04696
HMSL10231	
HMSL10232	
HMSL10233	
HMSL10234	
HMSL10235	D02714
HMSL10236	D06650
HMSL10237	D01309
HMSL10238	D00584|D07974
HMSL10239	
HMSL10240	
HMSL10241	D03150
HMSL10242	D01363
HMSL10243	
HMSL10244	
HMSL10245	D00275
HMSL10246	D01061|D08086
HMSL10247	D02165|D07866
HMSL10248	D01275|D03899
HMSL10249	D02214|D07901
HMSL10250	D00125|D04107
HMSL10251	
HMSL10252	D01155|D02368|D10222
HMSL10253	
HMSL10255	
HMSL10257	
HMSL10258	D04486
HMSL10259	
HMSL10260	D04640
HMSL10261	D04645
HMSL10262	
HMSL10263	D10019|D10319
HMSL10264	D00142|D02115
HMSL10265	
HMSL10266	
HMSL10267	
HMSL10268	
HMSL10269	D01790
HMSL10270	
HMSL10271	
HMSL10272	D03828|D06503|D07472
HMSL10273	
HMSL10274	
HMSL10275	D00966|D08559
HMSL10276	
HMSL10277	D06068
HMSL10278	D02168|D08618
HMSL10279	
HMSL10280	D06221
HMSL10281	D01935|D08680
HMSL10282	D06320
HMSL10283	
HMSL10284	D10064|D10104
HMSL10285	
HMSL10286	
HMSL10287	D09604
HMSL10288	
HMSL10289	
HMSL10290	
HMSL10291	C17412
HMSL10292	D00208
HMSL10293	C09561
HMSL10294	C10342
HMSL10295	
HMSL10296	C05149
HMSL10297	
HMSL10298	
HMSL10299	
HMSL10300	C11262|D03021
HMSL10301	D03665
HMSL10302	
HMSL10303	D09913
HMSL10304	D10079|D10157
HMSL10305	
HMSL10306	
HMSL10307	C09929
HMSL10308	C10759
HMSL10309	
HMSL10310	D08870
HMSL10311	D09338
HMSL10312	D09357|D09641
HMSL10313	
HMSL10314	
HMSL10315	
HMSL10316	
HMSL10317	
HMSL10318	C03582
HMSL10319	
HMSL10320	
HMSL10321	
HMSL10322	
HMSL10323	
HMSL10324	C10996
HMSL10325	
HMSL10326	D00826|D08625
HMSL10327	
HMSL10328	
HMSL10329	
HMSL10331	
HMSL10332	
HMSL10333	
HMSL10334	
HMSL10335	
HMSL10337	
HMSL10338	
HMSL10339	
HMSL10343	C10023|C10024|C10025
HMSL10344	
HMSL10345	
HMSL10346	D00399|D08667
HMSL10347	
HMSL10348	
